operadora,satisfacao
Total Health,baixo
Total Health,baixo
Total Health,baixo
Total Health,baixo
Total Health,baixo
Total Health,baixo
Total Health,baixo
Total Health,baixo
Total Health,baixo
Total Health,baixo
Total Health,baixo
Total Health,baixo
Total Health,baixo
Total Health,baixo
Total Health,baixo
Total Health,baixo
Total Health,baixo
Total Health,baixo
Total Health,baixo
Total Health,baixo
Total Health,baixo
Total Health,baixo
Total Health,baixo
Total Health,baixo
Total Health,baixo
Total Health,baixo
Total Health,baixo
Total Health,baixo
Total Health,baixo
Total Health,baixo
Total Health,baixo
Total Health,baixo
Total Health,baixo
Total Health,baixo
Total Health,baixo
Total Health,baixo
Total Health,baixo
Total Health,baixo
Total Health,baixo
Total Health,baixo
Total Health,medio
Total Health,medio
Total Health,medio
Total Health,medio
Total Health,medio
Total Health,medio
Total Health,medio
Total Health,medio
Total Health,medio
Total Health,medio
Total Health,medio
Total Health,medio
Total Health,medio
Total Health,medio
Total Health,medio
Total Health,medio
Total Health,alto
Total Health,alto
Total Health,alto
Total Health,alto
Total Health,alto
Total Health,alto
Total Health,alto
Total Health,alto
Total Health,alto
Total Health,alto
Total Health,alto
Total Health,alto
Viva Vida,baixo
Viva Vida,baixo
Viva Vida,baixo
Viva Vida,baixo
Viva Vida,baixo
Viva Vida,baixo
Viva Vida,baixo
Viva Vida,baixo
Viva Vida,baixo
Viva Vida,baixo
Viva Vida,baixo
Viva Vida,baixo
Viva Vida,baixo
Viva Vida,baixo
Viva Vida,baixo
Viva Vida,baixo
Viva Vida,baixo
Viva Vida,baixo
Viva Vida,baixo
Viva Vida,baixo
Viva Vida,baixo
Viva Vida,baixo
Viva Vida,baixo
Viva Vida,baixo
Viva Vida,baixo
Viva Vida,baixo
Viva Vida,baixo
Viva Vida,baixo
Viva Vida,baixo
Viva Vida,baixo
Viva Vida,baixo
Viva Vida,baixo
Viva Vida,medio
Viva Vida,medio
Viva Vida,medio
Viva Vida,medio
Viva Vida,medio
Viva Vida,medio
Viva Vida,medio
Viva Vida,medio
Viva Vida,medio
Viva Vida,medio
Viva Vida,medio
Viva Vida,medio
Viva Vida,medio
Viva Vida,medio
Viva Vida,medio
Viva Vida,medio
Viva Vida,medio
Viva Vida,medio
Viva Vida,medio
Viva Vida,medio
Viva Vida,medio
Viva Vida,medio
Viva Vida,medio
Viva Vida,medio
Viva Vida,alto
Viva Vida,alto
Viva Vida,alto
Viva Vida,alto
Viva Vida,alto
Viva Vida,alto
Viva Vida,alto
Viva Vida,alto
Viva Vida,alto
Viva Vida,alto
Viva Vida,alto
Viva Vida,alto
Viva Vida,alto
Viva Vida,alto
Viva Vida,alto
Viva Vida,alto
Mena Saúde,baixo
Mena Saúde,baixo
Mena Saúde,baixo
Mena Saúde,baixo
Mena Saúde,baixo
Mena Saúde,baixo
Mena Saúde,baixo
Mena Saúde,baixo
Mena Saúde,baixo
Mena Saúde,baixo
Mena Saúde,baixo
Mena Saúde,baixo
Mena Saúde,baixo
Mena Saúde,baixo
Mena Saúde,baixo
Mena Saúde,baixo
Mena Saúde,baixo
Mena Saúde,baixo
Mena Saúde,baixo
Mena Saúde,baixo
Mena Saúde,baixo
Mena Saúde,baixo
Mena Saúde,baixo
Mena Saúde,baixo
Mena Saúde,medio
Mena Saúde,medio
Mena Saúde,medio
Mena Saúde,medio
Mena Saúde,medio
Mena Saúde,medio
Mena Saúde,medio
Mena Saúde,medio
Mena Saúde,medio
Mena Saúde,medio
Mena Saúde,medio
Mena Saúde,medio
Mena Saúde,medio
Mena Saúde,medio
Mena Saúde,medio
Mena Saúde,medio
Mena Saúde,medio
Mena Saúde,medio
Mena Saúde,medio
Mena Saúde,medio
Mena Saúde,medio
Mena Saúde,medio
Mena Saúde,medio
Mena Saúde,medio
Mena Saúde,medio
Mena Saúde,medio
Mena Saúde,medio
Mena Saúde,medio
Mena Saúde,medio
Mena Saúde,medio
Mena Saúde,medio
Mena Saúde,medio
Mena Saúde,alto
Mena Saúde,alto
Mena Saúde,alto
Mena Saúde,alto
